"","name","value","n","myaxis"
"1","A",7.19762176723894,500,"A
n=500"
"2","A",8.8491125525836,500,"A
n=500"
"3","A",17.7935415707456,500,"A
n=500"
"4","A",10.3525419571229,500,"A
n=500"
"5","A",10.6464386758047,500,"A
n=500"
"6","A",18.5753249344164,500,"A
n=500"
"7","A",12.304581029946,500,"A
n=500"
"8","A",3.67469382696733,500,"A
n=500"
"9","A",6.56573574053237,500,"A
n=500"
"10","A",7.77169014950021,500,"A
n=500"
"11","A",16.1204089871973,500,"A
n=500"
"12","A",11.7990691352868,500,"A
n=500"
"13","A",12.0038572529703,500,"A
n=500"
"14","A",10.5534135797256,500,"A
n=500"
"15","A",7.22079432622963,500,"A
n=500"
"16","A",18.9345656840154,500,"A
n=500"
"17","A",12.4892523911462,500,"A
n=500"
"18","A",0.16691421685181,500,"A
n=500"
"19","A",13.5067795078184,500,"A
n=500"
"20","A",7.63604296136033,500,"A
n=500"
"21","A",4.66088147006577,500,"A
n=500"
"22","A",8.91012542670853,500,"A
n=500"
"23","A",4.8699777584638,500,"A
n=500"
"24","A",6.3555438535443,500,"A
n=500"
"25","A",6.87480366075372,500,"A
n=500"
"26","A",1.56653344628793,500,"A
n=500"
"27","A",14.1889352224726,500,"A
n=500"
"28","A",10.7668655891826,500,"A
n=500"
"29","A",4.30931531494026,500,"A
n=500"
"30","A",16.2690746053496,500,"A
n=500"
"31","A",12.1323211073841,500,"A
n=500"
"32","A",8.52464258503865,500,"A
n=500"
"33","A",14.4756283052251,500,"A
n=500"
"34","A",14.3906674376652,500,"A
n=500"
"35","A",14.1079054081874,500,"A
n=500"
"36","A",13.4432012705005,500,"A
n=500"
"37","A",12.7695882676879,500,"A
n=500"
"38","A",9.69044144711639,500,"A
n=500"
"39","A",8.47018668130042,500,"A
n=500"
"40","A",8.09764499493809,500,"A
n=500"
"41","A",6.52646510539744,500,"A
n=500"
"42","A",8.96041360990201,500,"A
n=500"
"43","A",3.67301824215868,500,"A
n=500"
"44","A",20.8447798266926,500,"A
n=500"
"45","A",16.039809991525,500,"A
n=500"
"46","A",4.38445708398325,500,"A
n=500"
"47","A",7.98557582350462,500,"A
n=500"
"48","A",7.66672323188391,500,"A
n=500"
"49","A",13.8998255916816,500,"A
n=500"
"50","A",9.58315466764085,500,"A
n=500"
"51","A",11.2665925699738,500,"A
n=500"
"52","A",9.85726622325648,500,"A
n=500"
"53","A",9.78564771354342,500,"A
n=500"
"54","A",16.8430114200723,500,"A
n=500"
"55","A",8.87114507170366,500,"A
n=500"
"56","A",17.5823530221477,500,"A
n=500"
"57","A",2.25623597884889,500,"A
n=500"
"58","A",12.9230687481803,500,"A
n=500"
"59","A",10.6192712192231,500,"A
n=500"
"60","A",11.0797078437199,500,"A
n=500"
"61","A",11.8981974137994,500,"A
n=500"
"62","A",7.48838273445349,500,"A
n=500"
"63","A",8.3339630816529,500,"A
n=500"
"64","A",4.90712308446456,500,"A
n=500"
"65","A",4.64104386762211,500,"A
n=500"
"66","A",11.5176432070213,500,"A
n=500"
"67","A",12.2410488931471,500,"A
n=500"
"68","A",10.2650211336525,500,"A
n=500"
"69","A",14.6113373393987,500,"A
n=500"
"70","A",20.2504234281357,500,"A
n=500"
"71","A",7.54484416971732,500,"A
n=500"
"72","A",-1.54584437820406,500,"A
n=500"
"73","A",15.0286926223113,500,"A
n=500"
"74","A",6.45399618708804,500,"A
n=500"
"75","A",6.55995691766321,500,"A
n=500"
"76","A",15.1278568484835,500,"A
n=500"
"77","A",8.57613496474496,500,"A
n=500"
"78","A",3.89641143872732,500,"A
n=500"
"79","A",10.9065173987458,500,"A
n=500"
"80","A",9.30554318780478,500,"A
n=500"
"81","A",10.0288209294994,500,"A
n=500"
"82","A",11.9264020056317,500,"A
n=500"
"83","A",8.14669984103795,500,"A
n=500"
"84","A",13.2218827425942,500,"A
n=500"
"85","A",8.89756719090625,500,"A
n=500"
"86","A",11.6589098195785,500,"A
n=500"
"87","A",15.4841950657467,500,"A
n=500"
"88","A",12.175907454169,500,"A
n=500"
"89","A",8.37034207234387,500,"A
n=500"
"90","A",15.7440380922555,500,"A
n=500"
"91","A",14.9675192798106,500,"A
n=500"
"92","A",12.7419847975404,500,"A
n=500"
"93","A",11.1936586755572,500,"A
n=500"
"94","A",6.86046961980314,500,"A
n=500"
"95","A",16.80326224265,500,"A
n=500"
"96","A",6.99870206426437,500,"A
n=500"
"97","A",20.9366649650829,500,"A
n=500"
"98","A",17.6630531309259,500,"A
n=500"
"99","A",8.82149820449762,500,"A
n=500"
"100","A",4.8678954984661,500,"A
n=500"
"101","A",6.4479671815035,500,"A
n=500"
"102","A",11.2844185457826,500,"A
n=500"
"103","A",8.76654060768813,500,"A
n=500"
"104","A",8.26228700301133,500,"A
n=500"
"105","A",5.24190716367492,500,"A
n=500"
"106","A",9.7748613759554,500,"A
n=500"
"107","A",6.07547765271462,500,"A
n=500"
"108","A",1.66029031705932,500,"A
n=500"
"109","A",8.09886739856119,500,"A
n=500"
"110","A",14.5949830453038,500,"A
n=500"
"111","A",7.12326518695804,500,"A
n=500"
"112","A",13.0398216111252,500,"A
n=500"
"113","A",1.91058645855418,500,"A
n=500"
"114","A",9.7221901723773,500,"A
n=500"
"115","A",12.5970360197173,500,"A
n=500"
"116","A",11.5057668108336,500,"A
n=500"
"117","A",10.5283809707447,500,"A
n=500"
"118","A",6.79646995847312,500,"A
n=500"
"119","A",5.75147826983209,500,"A
n=500"
"120","A",4.87935604697543,500,"A
n=500"
"121","A",10.5882329855006,500,"A
n=500"
"122","A",5.26262692907599,500,"A
n=500"
"123","A",7.54721278149666,500,"A
n=500"
"124","A",8.71953903900876,500,"A
n=500"
"125","A",19.219310026161,500,"A
n=500"
"126","A",6.74025049152271,500,"A
n=500"
"127","A",11.1769328614243,500,"A
n=500"
"128","A",10.3898042478186,500,"A
n=500"
"129","A",5.19071682934936,500,"A
n=500"
"130","A",9.64345956938201,500,"A
n=500"
"131","A",17.2227542921167,500,"A
n=500"
"132","A",12.2575202653961,500,"A
n=500"
"133","A",10.2061646099647,500,"A
n=500"
"134","A",7.88751583830188,500,"A
n=500"
"135","A",-0.266236107702579,500,"A
n=500"
"136","A",15.6566860670709,500,"A
n=500"
"137","A",2.69679964537589,500,"A
n=500"
"138","A",13.6997375543867,500,"A
n=500"
"139","A",19.5455178460874,500,"A
n=500"
"140","A",2.780534195141,500,"A
n=500"
"141","A",13.5089216768736,500,"A
n=500"
"142","A",8.68901255298766,500,"A
n=500"
"143","A",2.13927920427256,500,"A
n=500"
"144","A",2.42666173109124,500,"A
n=500"
"145","A",1.99231913212703,500,"A
n=500"
"146","A",7.34546738914849,500,"A
n=500"
"147","A",2.6912220750205,500,"A
n=500"
"148","A",13.4395838648791,500,"A
n=500"
"149","A",20.5005447026284,500,"A
n=500"
"150","A",3.56484761982411,500,"A
n=500"
"151","A",13.9386942373759,500,"A
n=500"
"152","A",13.8452112050045,500,"A
n=500"
"153","A",11.6610128947506,500,"A
n=500"
"154","A",4.95811695861496,500,"A
n=500"
"155","A",9.40273696684671,500,"A
n=500"
"156","A",8.59802332414877,500,"A
n=500"
"157","A",12.8149476661024,500,"A
n=500"
"158","A",8.13780621948085,500,"A
n=500"
"159","A",14.8848669334281,500,"A
n=500"
"160","A",8.12709571116493,500,"A
n=500"
"161","A",15.2635573278967,500,"A
n=500"
"162","A",4.75411496666967,500,"A
n=500"
"163","A",3.69922377620944,500,"A
n=500"
"164","A",26.205199674712,500,"A
n=500"
"165","A",7.91571205919784,500,"A
n=500"
"166","A",11.4911379577036,500,"A
n=500"
"167","A",13.1828483701692,500,"A
n=500"
"168","A",7.58109687145628,500,"A
n=500"
"169","A",12.584310221568,500,"A
n=500"
"170","A",11.8448226369254,500,"A
n=500"
"171","A",8.92309746179153,500,"A
n=500"
"172","A",10.3264651676266,500,"A
n=500"
"173","A",9.82966373130768,500,"A
n=500"
"174","A",20.6422594950809,500,"A
n=500"
"175","A",6.29331951863586,500,"A
n=500"
"176","A",4.52001866462668,500,"A
n=500"
"177","A",10.1889419958554,500,"A
n=500"
"178","A",11.5524037472157,500,"A
n=500"
"179","A",12.1826173945509,500,"A
n=500"
"180","A",7.70817333644447,500,"A
n=500"
"181","A",4.68336933014404,500,"A
n=500"
"182","A",16.3159258804475,500,"A
n=500"
"183","A",8.25174806023223,500,"A
n=500"
"184","A",5.67243568673313,500,"A
n=500"
"185","A",8.81860215529452,500,"A
n=500"
"186","A",9.01412052825724,500,"A
n=500"
"187","A",15.5496014485682,500,"A
n=500"
"188","A",10.423686460986,500,"A
n=500"
"189","A",13.7702689259226,500,"A
n=500"
"190","A",7.5035399141387,500,"A
n=500"
"191","A",11.072226547908,500,"A
n=500"
"192","A",8.37657044254583,500,"A
n=500"
"193","A",10.4729176408679,500,"A
n=500"
"194","A",5.52318321011229,500,"A
n=500"
"195","A",3.44599233336014,500,"A
n=500"
"196","A",19.9860669237398,500,"A
n=500"
"197","A",13.0035441183621,500,"A
n=500"
"198","A",3.74364319187528,500,"A
n=500"
"199","A",6.9441704165979,500,"A
n=500"
"200","A",4.07259957701345,500,"A
n=500"
"201","A",20.9940517444186,500,"A
n=500"
"202","A",16.5620648821676,500,"A
n=500"
"203","A",8.67427471651824,500,"A
n=500"
"204","A",12.7159702961604,500,"A
n=500"
"205","A",7.9283002604057,500,"A
n=500"
"206","A",7.61876552692211,500,"A
n=500"
"207","A",6.05698581074879,500,"A
n=500"
"208","A",7.02691366270244,500,"A
n=500"
"209","A",18.2545373366834,500,"A
n=500"
"210","A",9.7298593745728,500,"A
n=500"
"211","A",10.5962261821379,500,"A
n=500"
"212","A",11.2184371479955,500,"A
n=500"
"213","A",16.1623793924267,500,"A
n=500"
"214","A",7.4196808452761,500,"A
n=500"
"215","A",5.03746424803981,500,"A
n=500"
"216","A",18.3784846620159,500,"A
n=500"
"217","A",7.79418391547357,500,"A
n=500"
"218","A",6.38467015030063,500,"A
n=500"
"219","A",3.81863440558354,500,"A
n=500"
"220","A",3.57642138841102,500,"A
n=500"
"221","A",7.13013260351007,500,"A
n=500"
"222","A",13.0899290858326,500,"A
n=500"
"223","A",15.5492406946486,500,"A
n=500"
"224","A",13.5379417691779,500,"A
n=500"
"225","A",8.18171351452374,500,"A
n=500"
"226","A",10.298749686923,500,"A
n=500"
"227","A",6.47701768159965,500,"A
n=500"
"228","A",6.41390919212995,500,"A
n=500"
"229","A",14.4232524948846,500,"A
n=500"
"230","A",4.92203710698228,500,"A
n=500"
"231","A",19.7764698274623,500,"A
n=500"
"232","A",9.54840203017074,500,"A
n=500"
"233","A",11.0726941331461,500,"A
n=500"
"234","A",6.30736147630213,500,"A
n=500"
"235","A",7.12805655118365,500,"A
n=500"
"236","A",3.41491933847379,500,"A
n=500"
"237","A",9.08537305813636,500,"A
n=500"
"238","A",12.0949120246223,500,"A
n=500"
"239","A",11.6215217208069,500,"A
n=500"
"240","A",6.09231756472624,500,"A
n=500"
"241","A",6.05689014572999,500,"A
n=500"
"242","A",7.4890064082857,500,"A
n=500"
"243","A",17.4803033492318,500,"A
n=500"
"244","A",4.31348189667128,500,"A
n=500"
"245","A",9.10474202809901,500,"A
n=500"
"246","A",19.5118091083946,500,"A
n=500"
"247","A",9.49512557335596,500,"A
n=500"
"248","A",3.20079648089303,500,"A
n=500"
"249","A",6.67615282362969,500,"A
n=500"
"250","A",12.4272998945244,500,"A
n=500"
"251","A",8.12198564165113,500,"A
n=500"
"252","A",7.19061818225109,500,"A
n=500"
"253","A",8.2804138293577,500,"A
n=500"
"254","A",10.4524832356961,500,"A
n=500"
"255","A",17.9925438557291,500,"A
n=500"
"256","A",9.55717443930558,500,"A
n=500"
"257","A",15.4039974807576,500,"A
n=500"
"258","A",13.1537705782528,500,"A
n=500"
"259","A",9.4318005224693,500,"A
n=500"
"260","A",2.33548998554701,500,"A
n=500"
"261","A",7.3944134122374,500,"A
n=500"
"262","A",7.55064773430763,500,"A
n=500"
"263","A",10.2357721638076,500,"A
n=500"
"264","A",16.5009933883341,500,"A
n=500"
"265","A",21.4653948691555,500,"A
n=500"
"266","A",17.7379052949188,500,"A
n=500"
"267","A",9.33424517835528,500,"A
n=500"
"268","A",1.21736302221181,500,"A
n=500"
"269","A",8.05610067964128,500,"A
n=500"
"270","A",10.4460361153665,500,"A
n=500"
"271","A",14.2250650203372,500,"A
n=500"
"272","A",14.8126398424214,500,"A
n=500"
"273","A",13.4215471470823,500,"A
n=500"
"274","A",3.02362825100266,500,"A
n=500"
"275","A",14.2482152281668,500,"A
n=500"
"276","A",7.76721391786389,500,"A
n=500"
"277","A",10.8740135008063,500,"A
n=500"
"278","A",10.3727558858687,500,"A
n=500"
"279","A",12.1408338248525,500,"A
n=500"
"280","A",10.1233749141307,500,"A
n=500"
"281","A",1.66262451207169,500,"A
n=500"
"282","A",13.6824798238672,500,"A
n=500"
"283","A",11.9301328417484,500,"A
n=500"
"284","A",8.67174187360889,500,"A
n=500"
"285","A",10.5907225552334,500,"A
n=500"
"286","A",10.6701932268423,500,"A
n=500"
"287","A",11.105097342805,500,"A
n=500"
"288","A",18.2042308298874,500,"A
n=500"
"289","A",8.90474810533262,500,"A
n=500"
"290","A",10.8403269194233,500,"A
n=500"
"291","A",15.8419193653455,500,"A
n=500"
"292","A",15.2709051168846,500,"A
n=500"
"293","A",15.7263155519018,500,"A
n=500"
"294","A",7.11265999470222,500,"A
n=500"
"295","A",20.0124136514641,500,"A
n=500"
"296","A",10.3335043546509,500,"A
n=500"
"297","A",19.3342592235343,500,"A
n=500"
"298","A",3.24548656984644,500,"A
n=500"
"299","A",10.1049179317712,500,"A
n=500"
"300","A",16.2495728548461,500,"A
n=500"
"301","A",6.42378906388602,500,"A
n=500"
"302","A",6.23655515891129,500,"A
n=500"
"303","A",5.30730648196553,500,"A
n=500"
"304","A",4.73743360330632,500,"A
n=500"
"305","A",7.81420233409801,500,"A
n=500"
"306","A",11.6558958647949,500,"A
n=500"
"307","A",-0.0710524896036002,500,"A
n=500"
"308","A",11.0599021668615,500,"A
n=500"
"309","A",16.1833752320829,500,"A
n=500"
"310","A",20.1878700912022,500,"A
n=500"
"311","A",16.5058799610029,500,"A
n=500"
"312","A",13.7838738189798,500,"A
n=500"
"313","A",1.36634800442835,500,"A
n=500"
"314","A",6.99246645996609,500,"A
n=500"
"315","A",8.23976771708692,500,"A
n=500"
"316","A",13.5176195137845,500,"A
n=500"
"317","A",9.47164332998113,500,"A
n=500"
"318","A",3.70675685969914,500,"A
n=500"
"319","A",18.4221785404706,500,"A
n=500"
"320","A",14.5569564589798,500,"A
n=500"
"321","A",11.1871513624551,500,"A
n=500"
"322","A",16.0905430516291,500,"A
n=500"
"323","A",3.30612856382514,500,"A
n=500"
"324","A",13.304101488949,500,"A
n=500"
"325","A",7.38543811843289,500,"A
n=500"
"326","A",13.4187276092536,500,"A
n=500"
"327","A",9.69589022669963,500,"A
n=500"
"328","A",13.1648035651573,500,"A
n=500"
"329","A",16.677588075297,500,"A
n=500"
"330","A",10.0364504515845,500,"A
n=500"
"331","A",15.0877931847605,500,"A
n=500"
"332","A",4.05782982426011,500,"A
n=500"
"333","A",6.39197779781992,500,"A
n=500"
"334","A",17.5960885569409,500,"A
n=500"
"335","A",11.8869398651196,500,"A
n=500"
"336","A",-0.26111410216865,500,"A
n=500"
"337","A",3.17981273958812,500,"A
n=500"
"338","A",8.99609492205439,500,"A
n=500"
"339","A",14.3288970216724,500,"A
n=500"
"340","A",9.49058372142389,500,"A
n=500"
"341","A",13.1209373601033,500,"A
n=500"
"342","A",14.7950268889391,500,"A
n=500"
"343","A",18.3552741443147,500,"A
n=500"
"344","A",10.2800836663748,500,"A
n=500"
"345","A",9.74009046909551,500,"A
n=500"
"346","A",1.23381320428865,500,"A
n=500"
"347","A",10.4966379704391,500,"A
n=500"
"348","A",7.14074971052218,500,"A
n=500"
"349","A",5.12995208597954,500,"A
n=500"
"350","A",9.1004688447623,500,"A
n=500"
"351","A",15.0747158637183,500,"A
n=500"
"352","A",0.0362575565570875,500,"A
n=500"
"353","A",7.86360356397286,500,"A
n=500"
"354","A",10.5831864179135,500,"A
n=500"
"355","A",5.53396214972523,500,"A
n=500"
"356","A",11.6695147124961,500,"A
n=500"
"357","A",12.0571496030787,500,"A
n=500"
"358","A",9.83481920362004,500,"A
n=500"
"359","A",-2.32949096880014,500,"A
n=500"
"360","A",22.8572907293332,500,"A
n=500"
"361","A",8.973503712659,500,"A
n=500"
"362","A",13.2559664079384,500,"A
n=500"
"363","A",11.3688324551827,500,"A
n=500"
"364","A",15.1233661740918,500,"A
n=500"
"365","A",14.0882972318704,500,"A
n=500"
"366","A",8.95103414385746,500,"A
n=500"
"367","A",11.8908388610425,500,"A
n=500"
"368","A",5.27295584438054,500,"A
n=500"
"369","A",14.2846150544966,500,"A
n=500"
"370","A",7.69480830557823,500,"A
n=500"
"371","A",22.0838667689411,500,"A
n=500"
"372","A",1.74475552155906,500,"A
n=500"
"373","A",7.68006378516993,500,"A
n=500"
"374","A",14.1268993137962,500,"A
n=500"
"375","A",12.5506627343933,500,"A
n=500"
"376","A",7.052594807425,500,"A
n=500"
"377","A",5.01609628896239,500,"A
n=500"
"378","A",10.7223785235535,500,"A
n=500"
"379","A",9.92846293416543,500,"A
n=500"
"380","A",1.0485938136797,500,"A
n=500"
"381","A",10.1727553356693,500,"A
n=500"
"382","A",10.9511515784623,500,"A
n=500"
"383","A",10.8736319849092,500,"A
n=500"
"384","A",4.72491478698659,500,"A
n=500"
"385","A",12.3806663915131,500,"A
n=500"
"386","A",16.8928506847962,500,"A
n=500"
"387","A",12.2811820158991,500,"A
n=500"
"388","A",4.32205764812828,500,"A
n=500"
"389","A",7.82177265154047,500,"A
n=500"
"390","A",11.730518097768,500,"A
n=500"
"391","A",6.76477184340865,500,"A
n=500"
"392","A",-0.788231675076386,500,"A
n=500"
"393","A",14.421254100141,500,"A
n=500"
"394","A",5.85261194187741,500,"A
n=500"
"395","A",7.13219864615859,500,"A
n=500"
"396","A",17.5195030450227,500,"A
n=500"
"397","A",6.12927535197298,500,"A
n=500"
"398","A",14.2286577009465,500,"A
n=500"
"399","A",3.69658560590612,500,"A
n=500"
"400","A",8.22728798463011,500,"A
n=500"
"401","A",9.63221990431761,500,"A
n=500"
"402","A",4.15674287787822,500,"A
n=500"
"403","A",6.82625867545545,500,"A
n=500"
"404","A",9.85579223535843,500,"A
n=500"
"405","A",13.3534798436697,500,"A
n=500"
"406","A",1.74726728287445,500,"A
n=500"
"407","A",8.25122880394366,500,"A
n=500"
"408","A",13.7820321927274,500,"A
n=500"
"409","A",7.30595420011204,500,"A
n=500"
"410","A",11.1364596083647,500,"A
n=500"
"411","A",12.4611428503222,500,"A
n=500"
"412","A",11.3391750766584,500,"A
n=500"
"413","A",13.2662883973569,500,"A
n=500"
"414","A",9.3864566951131,500,"A
n=500"
"415","A",7.9316174320394,500,"A
n=500"
"416","A",-3.21574476014489,500,"A
n=500"
"417","A",9.53529490760264,500,"A
n=500"
"418","A",12.1514234817999,500,"A
n=500"
"419","A",12.6769942043407,500,"A
n=500"
"420","A",7.22360824343374,500,"A
n=500"
"421","A",18.8975145488757,500,"A
n=500"
"422","A",11.4321220981441,500,"A
n=500"
"423","A",10.6315792922944,500,"A
n=500"
"424","A",16.3613338973426,500,"A
n=500"
"425","A",6.4076688934037,500,"A
n=500"
"426","A",7.74830688037644,500,"A
n=500"
"427","A",21.9872624002488,500,"A
n=500"
"428","A",10.0556459361044,500,"A
n=500"
"429","A",18.1678421070415,500,"A
n=500"
"430","A",2.80746677542739,500,"A
n=500"
"431","A",9.04741598978549,500,"A
n=500"
"432","A",11.8921195181842,500,"A
n=500"
"433","A",11.500192726029,500,"A
n=500"
"434","A",4.97181870244582,500,"A
n=500"
"435","A",10.0962963731269,500,"A
n=500"
"436","A",4.61289673444009,500,"A
n=500"
"437","A",13.5635166262214,500,"A
n=500"
"438","A",15.4238754493032,500,"A
n=500"
"439","A",-1.12493848243706,500,"A
n=500"
"440","A",16.1784673115007,500,"A
n=500"
"441","A",3.79477751595754,500,"A
n=500"
"442","A",12.2738463449132,500,"A
n=500"
"443","A",13.299513190713,500,"A
n=500"
"444","A",9.00055085949283,500,"A
n=500"
"445","A",6.77443021570104,500,"A
n=500"
"446","A",10.8266051062103,500,"A
n=500"
"447","A",12.1940935035723,500,"A
n=500"
"448","A",14.4165140997435,500,"A
n=500"
"449","A",-0.261684919509763,500,"A
n=500"
"450","A",1.81810365970488,500,"A
n=500"
"451","A",17.1520117059409,500,"A
n=500"
"452","A",15.2331442355577,500,"A
n=500"
"453","A",12.1764447445384,500,"A
n=500"
"454","A",13.5758920355553,500,"A
n=500"
"455","A",14.585874588205,500,"A
n=500"
"456","A",-3.3046139923284,500,"A
n=500"
"457","A",15.5513854831941,500,"A
n=500"
"458","A",7.57506201718838,500,"A
n=500"
"459","A",11.153084153156,500,"A
n=500"
"460","A",8.52421099558211,500,"A
n=500"
"461","A",14.3598247703937,500,"A
n=500"
"462","A",8.25763775522195,500,"A
n=500"
"463","A",12.5925188294412,500,"A
n=500"
"464","A",8.0465751068051,500,"A
n=500"
"465","A",4.53606395449247,500,"A
n=500"
"466","A",16.0500525522013,500,"A
n=500"
"467","A",13.7045000563714,500,"A
n=500"
"468","A",18.6213111957823,500,"A
n=500"
"469","A",10.3257696628965,500,"A
n=500"
"470","A",15.6250137291409,500,"A
n=500"
"471","A",19.8770952700954,500,"A
n=500"
"472","A",8.59258942480517,500,"A
n=500"
"473","A",3.38524443622392,500,"A
n=500"
"474","A",8.80324216430942,500,"A
n=500"
"475","A",8.92979380007308,500,"A
n=500"
"476","A",10.7584025225466,500,"A
n=500"
"477","A",18.5615248865964,500,"A
n=500"
"478","A",8.36928053747326,500,"A
n=500"
"479","A",11.8650232790246,500,"A
n=500"
"480","A",8.86157967552234,500,"A
n=500"
"481","A",10.1022535426252,500,"A
n=500"
"482","A",11.5702883175313,500,"A
n=500"
"483","A",16.6410734801849,500,"A
n=500"
"484","A",10.6065918874539,500,"A
n=500"
"485","A",13.5642116001556,500,"A
n=500"
"486","A",13.8943001489177,500,"A
n=500"
"487","A",14.5738663542782,500,"A
n=500"
"488","A",7.12802723907808,500,"A
n=500"
"489","A",18.1344060709734,500,"A
n=500"
"490","A",8.09521630352993,500,"A
n=500"
"491","A",9.47107916175124,500,"A
n=500"
"492","A",17.0202513385709,500,"A
n=500"
"493","A",16.4704195307279,500,"A
n=500"
"494","A",4.55004063794381,500,"A
n=500"
"495","A",5.63464499791268,500,"A
n=500"
"496","A",3.20960470314693,500,"A
n=500"
"497","A",10.9092359630992,500,"A
n=500"
"498","A",10.8242043395923,500,"A
n=500"
"499","A",11.8205734367753,500,"A
n=500"
"500","A",12.7607885710928,500,"A
n=500"
"501","B",12.398107154015,1000,"B
n=1000"
"502","B",12.0063014089013,1000,"B
n=1000"
"503","B",14.0267850560749,1000,"B
n=1000"
"504","B",13.7510613026063,1000,"B
n=1000"
"505","B",11.4908334626713,1000,"B
n=1000"
"506","B",12.9048525491507,1000,"B
n=1000"
"507","B",12.1040521772435,1000,"B
n=1000"
"508","B",10.929248929458,1000,"B
n=1000"
"509","B",13.1501201311881,1000,"B
n=1000"
"510","B",12.9207882907414,1000,"B
n=1000"
"511","B",12.9026307324869,1000,"B
n=1000"
"512","B",13.2161525418012,1000,"B
n=1000"
"513","B",13.8824651643966,1000,"B
n=1000"
"514","B",13.2055975044834,1000,"B
n=1000"
"515","B",12.3835641571265,1000,"B
n=1000"
"516","B",12.2652007480787,1000,"B
n=1000"
"517","B",12.8681972069588,1000,"B
n=1000"
"518","B",13.310016986579,1000,"B
n=1000"
"519","B",11.960319647298,1000,"B
n=1000"
"520","B",12.8156911311576,1000,"B
n=1000"
"521","B",13.9672672601679,1000,"B
n=1000"
"522","B",12.8917199087655,1000,"B
n=1000"
"523","B",12.3015793324056,1000,"B
n=1000"
"524","B",12.7240548315745,1000,"B
n=1000"
"525","B",14.114648545362,1000,"B
n=1000"
"526","B",13.5500439612141,1000,"B
n=1000"
"527","B",14.2366758000816,1000,"B
n=1000"
"528","B",13.1390978571618,1000,"B
n=1000"
"529","B",13.4102750964904,1000,"B
n=1000"
"530","B",12.4415430876519,1000,"B
n=1000"
"531","B",13.6053706689303,1000,"B
n=1000"
"532","B",12.4936664578108,1000,"B
n=1000"
"533","B",11.5794344953043,1000,"B
n=1000"
"534","B",13.1279929656841,1000,"B
n=1000"
"535","B",14.9458512177314,1000,"B
n=1000"
"536","B",13.8009143395731,1000,"B
n=1000"
"537","B",14.1652533899463,1000,"B
n=1000"
"538","B",13.3588557230932,1000,"B
n=1000"
"539","B",12.3914428216838,1000,"B
n=1000"
"540","B",12.7977591448897,1000,"B
n=1000"
"541","B",12.7267518931881,1000,"B
n=1000"
"542","B",12.5313002202179,1000,"B
n=1000"
"543","B",13.7041672839297,1000,"B
n=1000"
"544","B",11.8026364976346,1000,"B
n=1000"
"545","B",13.8663661321128,1000,"B
n=1000"
"546","B",13.8641524862259,1000,"B
n=1000"
"547","B",11.8013776409313,1000,"B
n=1000"
"548","B",13.6394919979005,1000,"B
n=1000"
"549","B",15.4302266523445,1000,"B
n=1000"
"550","B",12.4427845180584,1000,"B
n=1000"
"551","B",13.8449042414081,1000,"B
n=1000"
"552","B",12.2177981543806,1000,"B
n=1000"
"553","B",14.1107114182028,1000,"B
n=1000"
"554","B",13.2498247199266,1000,"B
n=1000"
"555","B",14.6519153916232,1000,"B
n=1000"
"556","B",11.5410292714631,1000,"B
n=1000"
"557","B",12.9487021138746,1000,"B
n=1000"
"558","B",12.4730748238744,1000,"B
n=1000"
"559","B",12.8027351309237,1000,"B
n=1000"
"560","B",12.370421257314,1000,"B
n=1000"
"561","B",12.166156419465,1000,"B
n=1000"
"562","B",13.5787223746165,1000,"B
n=1000"
"563","B",11.9124192859231,1000,"B
n=1000"
"564","B",14.4840309315563,1000,"B
n=1000"
"565","B",11.8137934146862,1000,"B
n=1000"
"566","B",13.1010791513953,1000,"B
n=1000"
"567","B",13.5329892868265,1000,"B
n=1000"
"568","B",13.5867353390926,1000,"B
n=1000"
"569","B",12.6982533361336,1000,"B
n=1000"
"570","B",13.0795019953284,1000,"B
n=1000"
"571","B",13.9612641518097,1000,"B
n=1000"
"572","B",11.5435340829236,1000,"B
n=1000"
"573","B",12.2182602884679,1000,"B
n=1000"
"574","B",13.3204023143166,1000,"B
n=1000"
"575","B",12.555218021663,1000,"B
n=1000"
"576","B",14.370003993971,1000,"B
n=1000"
"577","B",13.6732538633548,1000,"B
n=1000"
"578","B",13.0721667524148,1000,"B
n=1000"
"579","B",11.4922426824633,1000,"B
n=1000"
"580","B",13.0261002253262,1000,"B
n=1000"
"581","B",12.683584131803,1000,"B
n=1000"
"582","B",12.8976534864794,1000,"B
n=1000"
"583","B",11.8184407729443,1000,"B
n=1000"
"584","B",13.4986580438299,1000,"B
n=1000"
"585","B",11.961043559693,1000,"B
n=1000"
"586","B",12.7737780185576,1000,"B
n=1000"
"587","B",13.3814258294514,1000,"B
n=1000"
"588","B",12.216484210987,1000,"B
n=1000"
"589","B",13.5829914056801,1000,"B
n=1000"
"590","B",11.6834895983483,1000,"B
n=1000"
"591","B",10.1902253210395,1000,"B
n=1000"
"592","B",13.4649679907859,1000,"B
n=1000"
"593","B",13.840539826961,1000,"B
n=1000"
"594","B",12.7141545764086,1000,"B
n=1000"
"595","B",13.5041262545916,1000,"B
n=1000"
"596","B",11.8440834749163,1000,"B
n=1000"
"597","B",12.8728513931743,1000,"B
n=1000"
"598","B",11.0584816239594,1000,"B
n=1000"
"599","B",14.1811808914385,1000,"B
n=1000"
"600","B",14.8599108615432,1000,"B
n=1000"
"601","B",14.074012260282,1000,"B
n=1000"
"602","B",12.9726530335863,1000,"B
n=1000"
"603","B",12.9666696577241,1000,"B
n=1000"
"604","B",11.4839323768489,1000,"B
n=1000"
"605","B",13.7903853438882,1000,"B
n=1000"
"606","B",12.7892658193082,1000,"B
n=1000"
"607","B",12.3432570746389,1000,"B
n=1000"
"608","B",11.5879742073417,1000,"B
n=1000"
"609","B",12.7002375033537,1000,"B
n=1000"
"610","B",12.1509388649833,1000,"B
n=1000"
"611","B",12.6029694796722,1000,"B
n=1000"
"612","B",11.7824000122364,1000,"B
n=1000"
"613","B",14.6875894829457,1000,"B
n=1000"
"614","B",12.983997472792,1000,"B
n=1000"
"615","B",14.0749450772724,1000,"B
n=1000"
"616","B",10.3983003297423,1000,"B
n=1000"
"617","B",12.5468021700052,1000,"B
n=1000"
"618","B",12.3245177084079,1000,"B
n=1000"
"619","B",11.7770738206341,1000,"B
n=1000"
"620","B",14.5466091542241,1000,"B
n=1000"
"621","B",11.5847180802305,1000,"B
n=1000"
"622","B",13.318390260408,1000,"B
n=1000"
"623","B",13.8464362855797,1000,"B
n=1000"
"624","B",13.178190188418,1000,"B
n=1000"
"625","B",12.1247445225045,1000,"B
n=1000"
"626","B",13.9411658067242,1000,"B
n=1000"
"627","B",13.1705880818408,1000,"B
n=1000"
"628","B",11.936502093618,1000,"B
n=1000"
"629","B",11.6119509523979,1000,"B
n=1000"
"630","B",15.0867174344931,1000,"B
n=1000"
"631","B",12.3214968545816,1000,"B
n=1000"
"632","B",11.144428346082,1000,"B
n=1000"
"633","B",13.5332593627537,1000,"B
n=1000"
"634","B",13.3102302560609,1000,"B
n=1000"
"635","B",11.6461656642774,1000,"B
n=1000"
"636","B",11.0570435864181,1000,"B
n=1000"
"637","B",12.8836974828414,1000,"B
n=1000"
"638","B",14.1393962917094,1000,"B
n=1000"
"639","B",13.6361240351821,1000,"B
n=1000"
"640","B",12.507062575838,1000,"B
n=1000"
"641","B",12.1658117684156,1000,"B
n=1000"
"642","B",13.2710667567505,1000,"B
n=1000"
"643","B",13.1573533472162,1000,"B
n=1000"
"644","B",13.6297117466927,1000,"B
n=1000"
"645","B",12.6042020497111,1000,"B
n=1000"
"646","B",13.8993540532031,1000,"B
n=1000"
"647","B",12.1691884726638,1000,"B
n=1000"
"648","B",12.66945529988,1000,"B
n=1000"
"649","B",13.7408145237259,1000,"B
n=1000"
"650","B",13.9899716086271,1000,"B
n=1000"
"651","B",11.0614952985466,1000,"B
n=1000"
"652","B",13.1071904070162,1000,"B
n=1000"
"653","B",13.6087790117346,1000,"B
n=1000"
"654","B",11.5491756865094,1000,"B
n=1000"
"655","B",13.4806255998752,1000,"B
n=1000"
"656","B",12.1718257296032,1000,"B
n=1000"
"657","B",14.0202530121644,1000,"B
n=1000"
"658","B",13.5384820321026,1000,"B
n=1000"
"659","B",13.7690522949956,1000,"B
n=1000"
"660","B",13.120719329287,1000,"B
n=1000"
"661","B",13.8636484341578,1000,"B
n=1000"
"662","B",14.3805145283145,1000,"B
n=1000"
"663","B",14.9662480154556,1000,"B
n=1000"
"664","B",12.9716049452509,1000,"B
n=1000"
"665","B",10.7509489096676,1000,"B
n=1000"
"666","B",13.031526004594,1000,"B
n=1000"
"667","B",13.20556120845,1000,"B
n=1000"
"668","B",12.8446546528556,1000,"B
n=1000"
"669","B",13.5682886207771,1000,"B
n=1000"
"670","B",14.0106779645143,1000,"B
n=1000"
"671","B",12.4820175698322,1000,"B
n=1000"
"672","B",12.7059046728439,1000,"B
n=1000"
"673","B",13.3978422088003,1000,"B
n=1000"
"674","B",12.4497762585109,1000,"B
n=1000"
"675","B",13.0912673834882,1000,"B
n=1000"
"676","B",11.0382924011147,1000,"B
n=1000"
"677","B",11.8801002786024,1000,"B
n=1000"
"678","B",11.6722445243959,1000,"B
n=1000"
"679","B",12.1463763032728,1000,"B
n=1000"
"680","B",12.3066954720693,1000,"B
n=1000"
"681","B",13.3823051425464,1000,"B
n=1000"
"682","B",13.9821130025226,1000,"B
n=1000"
"683","B",12.2726164709125,1000,"B
n=1000"
"684","B",12.003161017622,1000,"B
n=1000"
"685","B",11.9583111410105,1000,"B
n=1000"
"686","B",12.5854112736363,1000,"B
n=1000"
"687","B",12.7609709318474,1000,"B
n=1000"
"688","B",13.4836175338383,1000,"B
n=1000"
"689","B",12.6786751578316,1000,"B
n=1000"
"690","B",10.92151073114,1000,"B
n=1000"
"691","B",12.9085657244499,1000,"B
n=1000"
"692","B",14.1871868106516,1000,"B
n=1000"
"693","B",14.1916012685103,1000,"B
n=1000"
"694","B",12.2110367818888,1000,"B
n=1000"
"695","B",11.4522234563624,1000,"B
n=1000"
"696","B",15.4580604918653,1000,"B
n=1000"
"697","B",12.8375780575206,1000,"B
n=1000"
"698","B",12.9025487498944,1000,"B
n=1000"
"699","B",13.4205741886981,1000,"B
n=1000"
"700","B",11.3859605433809,1000,"B
n=1000"
"701","B",12.2717808888087,1000,"B
n=1000"
"702","B",11.45955759471,1000,"B
n=1000"
"703","B",12.3069053859894,1000,"B
n=1000"
"704","B",13.1188494330046,1000,"B
n=1000"
"705","B",11.6352905420131,1000,"B
n=1000"
"706","B",13.5899826793673,1000,"B
n=1000"
"707","B",13.2893440288173,1000,"B
n=1000"
"708","B",12.0957849743794,1000,"B
n=1000"
"709","B",13.2263249423811,1000,"B
n=1000"
"710","B",13.7480811624938,1000,"B
n=1000"
"711","B",14.0610952532617,1000,"B
n=1000"
"712","B",12.7871517213535,1000,"B
n=1000"
"713","B",12.906363206089,1000,"B
n=1000"
"714","B",12.9132858650181,1000,"B
n=1000"
"715","B",14.441461756055,1000,"B
n=1000"
"716","B",14.125071892278,1000,"B
n=1000"
"717","B",13.834401567757,1000,"B
n=1000"
"718","B",12.7126592001593,1000,"B
n=1000"
"719","B",13.3732414341664,1000,"B
n=1000"
"720","B",13.4032903312207,1000,"B
n=1000"
"721","B",11.9583267057107,1000,"B
n=1000"
"722","B",11.2716954846793,1000,"B
n=1000"
"723","B",13.6418300276516,1000,"B
n=1000"
"724","B",11.4706894688196,1000,"B
n=1000"
"725","B",13.0016836884842,1000,"B
n=1000"
"726","B",13.2502478213483,1000,"B
n=1000"
"727","B",13.5638673903059,1000,"B
n=1000"
"728","B",13.1894262375148,1000,"B
n=1000"
"729","B",12.2671461937029,1000,"B
n=1000"
"730","B",13.9863658598955,1000,"B
n=1000"
"731","B",14.7386337669062,1000,"B
n=1000"
"732","B",13.8811788089254,1000,"B
n=1000"
"733","B",11.056349098676,1000,"B
n=1000"
"734","B",14.3995761854029,1000,"B
n=1000"
"735","B",12.9439440538137,1000,"B
n=1000"
"736","B",13.5249142793193,1000,"B
n=1000"
"737","B",13.6220332358711,1000,"B
n=1000"
"738","B",12.9033139267933,1000,"B
n=1000"
"739","B",12.9247368023513,1000,"B
n=1000"
"740","B",14.0191570693309,1000,"B
n=1000"
"741","B",13.7116019224862,1000,"B
n=1000"
"742","B",13.9902622460442,1000,"B
n=1000"
"743","B",15.3829266952303,1000,"B
n=1000"
"744","B",13.6644158636941,1000,"B
n=1000"
"745","B",13.2073811573853,1000,"B
n=1000"
"746","B",10.7893668894244,1000,"B
n=1000"
"747","B",15.6917140032461,1000,"B
n=1000"
"748","B",12.5173231782037,1000,"B
n=1000"
"749","B",15.3747347150954,1000,"B
n=1000"
"750","B",13.374643568005,1000,"B
n=1000"
"751","B",14.5384301988968,1000,"B
n=1000"
"752","B",12.8902896788238,1000,"B
n=1000"
"753","B",13.5114707546981,1000,"B
n=1000"
"754","B",13.2139579796423,1000,"B
n=1000"
"755","B",12.8138793006265,1000,"B
n=1000"
"756","B",12.8796061753775,1000,"B
n=1000"
"757","B",14.0128343358443,1000,"B
n=1000"
"758","B",12.7985418530285,1000,"B
n=1000"
"759","B",10.9623175055592,1000,"B
n=1000"
"760","B",12.8041107511702,1000,"B
n=1000"
"761","B",13.5397906055363,1000,"B
n=1000"
"762","B",13.6164557163514,1000,"B
n=1000"
"763","B",13.6165678174774,1000,"B
n=1000"
"764","B",11.3078984791309,1000,"B
n=1000"
"765","B",13.3687420580112,1000,"B
n=1000"
"766","B",13.9678592099471,1000,"B
n=1000"
"767","B",14.2765786814677,1000,"B
n=1000"
"768","B",12.7750387289559,1000,"B
n=1000"
"769","B",12.6781074138172,1000,"B
n=1000"
"770","B",14.487837831878,1000,"B
n=1000"
"771","B",11.3320719542207,1000,"B
n=1000"
"772","B",12.5631700230869,1000,"B
n=1000"
"773","B",13.4574620793575,1000,"B
n=1000"
"774","B",11.3822262346188,1000,"B
n=1000"
"775","B",13.2796278624318,1000,"B
n=1000"
"776","B",14.8778640210522,1000,"B
n=1000"
"777","B",12.9959393465637,1000,"B
n=1000"
"778","B",12.7215459750364,1000,"B
n=1000"
"779","B",13.4749117140341,1000,"B
n=1000"
"780","B",12.7209278292127,1000,"B
n=1000"
"781","B",13.8134003740791,1000,"B
n=1000"
"782","B",13.9044354644497,1000,"B
n=1000"
"783","B",13.0026916612301,1000,"B
n=1000"
"784","B",11.8233078422503,1000,"B
n=1000"
"785","B",11.6817792725409,1000,"B
n=1000"
"786","B",12.4070026343447,1000,"B
n=1000"
"787","B",13.7973805005498,1000,"B
n=1000"
"788","B",11.0417948253431,1000,"B
n=1000"
"789","B",11.1136748412675,1000,"B
n=1000"
"790","B",12.3462201752399,1000,"B
n=1000"
"791","B",13.3943948479806,1000,"B
n=1000"
"792","B",12.086433951835,1000,"B
n=1000"
"793","B",13.8867490370961,1000,"B
n=1000"
"794","B",13.3333699701552,1000,"B
n=1000"
"795","B",12.8293603817614,1000,"B
n=1000"
"796","B",13.8188281365318,1000,"B
n=1000"
"797","B",13.3883651628194,1000,"B
n=1000"
"798","B",12.5540649727878,1000,"B
n=1000"
"799","B",13.2311149344182,1000,"B
n=1000"
"800","B",13.6475133579776,1000,"B
n=1000"
"801","B",13.356283344862,1000,"B
n=1000"
"802","B",12.3419897920505,1000,"B
n=1000"
"803","B",13.8552022050642,1000,"B
n=1000"
"804","B",14.1529362255586,1000,"B
n=1000"
"805","B",13.2762745565433,1000,"B
n=1000"
"806","B",13.1441046624622,1000,"B
n=1000"
"807","B",12.9243749192202,1000,"B
n=1000"
"808","B",15.1614158463028,1000,"B
n=1000"
"809","B",13.2763155321358,1000,"B
n=1000"
"810","B",12.8417059713001,1000,"B
n=1000"
"811","B",10.4920821978027,1000,"B
n=1000"
"812","B",11.4347182349695,1000,"B
n=1000"
"813","B",12.9223267993894,1000,"B
n=1000"
"814","B",13.2062940448431,1000,"B
n=1000"
"815","B",13.2768724588616,1000,"B
n=1000"
"816","B",13.8215067804486,1000,"B
n=1000"
"817","B",12.8058475906795,1000,"B
n=1000"
"818","B",14.2145887944826,1000,"B
n=1000"
"819","B",12.0784839571304,1000,"B
n=1000"
"820","B",11.7915572795569,1000,"B
n=1000"
"821","B",11.7710138224462,1000,"B
n=1000"
"822","B",13.7422970241865,1000,"B
n=1000"
"823","B",12.9170800576608,1000,"B
n=1000"
"824","B",13.7898179218205,1000,"B
n=1000"
"825","B",12.7322935784429,1000,"B
n=1000"
"826","B",12.4081078977872,1000,"B
n=1000"
"827","B",12.6316474248735,1000,"B
n=1000"
"828","B",11.1473831757583,1000,"B
n=1000"
"829","B",11.8303847395859,1000,"B
n=1000"
"830","B",11.5579653536415,1000,"B
n=1000"
"831","B",14.0543222719753,1000,"B
n=1000"
"832","B",12.4026699086372,1000,"B
n=1000"
"833","B",13.7894598527902,1000,"B
n=1000"
"834","B",14.516490601692,1000,"B
n=1000"
"835","B",12.8082251908901,1000,"B
n=1000"
"836","B",13.2838789063524,1000,"B
n=1000"
"837","B",11.2489324806039,1000,"B
n=1000"
"838","B",12.1813302224802,1000,"B
n=1000"
"839","B",13.0562148493828,1000,"B
n=1000"
"840","B",13.2990869033362,1000,"B
n=1000"
"841","B",12.2406018827011,1000,"B
n=1000"
"842","B",15.6848589992268,1000,"B
n=1000"
"843","B",12.5416098609076,1000,"B
n=1000"
"844","B",13.06424355663,1000,"B
n=1000"
"845","B",13.6497918671535,1000,"B
n=1000"
"846","B",12.973981365226,1000,"B
n=1000"
"847","B",12.3564326129729,1000,"B
n=1000"
"848","B",14.0453056639633,1000,"B
n=1000"
"849","B",14.6155453232072,1000,"B
n=1000"
"850","B",12.9703060289502,1000,"B
n=1000"
"851","B",13.5622673454031,1000,"B
n=1000"
"852","B",12.9025875014974,1000,"B
n=1000"
"853","B",14.0164552177022,1000,"B
n=1000"
"854","B",11.8438326057401,1000,"B
n=1000"
"855","B",15.3208602239945,1000,"B
n=1000"
"856","B",12.3964687522117,1000,"B
n=1000"
"857","B",11.5411505855619,1000,"B
n=1000"
"858","B",12.6490821728069,1000,"B
n=1000"
"859","B",13.146708484145,1000,"B
n=1000"
"860","B",14.6236212076802,1000,"B
n=1000"
"861","B",13.9112096767713,1000,"B
n=1000"
"862","B",13.1424584320458,1000,"B
n=1000"
"863","B",11.6105164760118,1000,"B
n=1000"
"864","B",12.1339622553279,1000,"B
n=1000"
"865","B",12.8367150677707,1000,"B
n=1000"
"866","B",15.5530261134606,1000,"B
n=1000"
"867","B",11.1397724257816,1000,"B
n=1000"
"868","B",14.131054651846,1000,"B
n=1000"
"869","B",12.4727657427661,1000,"B
n=1000"
"870","B",14.6659908999874,1000,"B
n=1000"
"871","B",11.8607993600266,1000,"B
n=1000"
"872","B",13.1436232346627,1000,"B
n=1000"
"873","B",11.9004490582972,1000,"B
n=1000"
"874","B",13.9035164263617,1000,"B
n=1000"
"875","B",14.4837794887381,1000,"B
n=1000"
"876","B",14.9507210064012,1000,"B
n=1000"
"877","B",13.7976006575895,1000,"B
n=1000"
"878","B",14.8432662545778,1000,"B
n=1000"
"879","B",14.2464239086616,1000,"B
n=1000"
"880","B",12.868125088176,1000,"B
n=1000"
"881","B",13.4770372382847,1000,"B
n=1000"
"882","B",12.0280057885241,1000,"B
n=1000"
"883","B",12.814797830599,1000,"B
n=1000"
"884","B",14.2209637083488,1000,"B
n=1000"
"885","B",13.5412841434824,1000,"B
n=1000"
"886","B",13.4573573316253,1000,"B
n=1000"
"887","B",11.9618689603128,1000,"B
n=1000"
"888","B",12.3954867696659,1000,"B
n=1000"
"889","B",12.2353939862464,1000,"B
n=1000"
"890","B",13.3952958700135,1000,"B
n=1000"
"891","B",12.0094923695334,1000,"B
n=1000"
"892","B",13.5620413900991,1000,"B
n=1000"
"893","B",11.8835835880665,1000,"B
n=1000"
"894","B",14.8285304581354,1000,"B
n=1000"
"895","B",13.4605913494781,1000,"B
n=1000"
"896","B",12.2989963877467,1000,"B
n=1000"
"897","B",13.2410459325012,1000,"B
n=1000"
"898","B",12.647546800772,1000,"B
n=1000"
"899","B",13.3711479597597,1000,"B
n=1000"
"900","B",13.2435327187603,1000,"B
n=1000"
"901","B",11.9858858273385,1000,"B
n=1000"
"902","B",12.2086861211805,1000,"B
n=1000"
"903","B",13.2995936847396,1000,"B
n=1000"
"904","B",14.6390519087516,1000,"B
n=1000"
"905","B",14.0846170086709,1000,"B
n=1000"
"906","B",12.3754325263819,1000,"B
n=1000"
"907","B",13.8259229016475,1000,"B
n=1000"
"908","B",12.9514316472437,1000,"B
n=1000"
"909","B",13.3013136517184,1000,"B
n=1000"
"910","B",13.2603614907366,1000,"B
n=1000"
"911","B",15.5754497637234,1000,"B
n=1000"
"912","B",11.8147111894128,1000,"B
n=1000"
"913","B",13.1009198590129,1000,"B
n=1000"
"914","B",11.2200227120324,1000,"B
n=1000"
"915","B",13.5898359229588,1000,"B
n=1000"
"916","B",14.0966084717214,1000,"B
n=1000"
"917","B",14.4456622411012,1000,"B
n=1000"
"918","B",11.0748547481629,1000,"B
n=1000"
"919","B",13.412769497194,1000,"B
n=1000"
"920","B",14.5933699513837,1000,"B
n=1000"
"921","B",12.5859841369577,1000,"B
n=1000"
"922","B",12.7878494679181,1000,"B
n=1000"
"923","B",12.9634627777953,1000,"B
n=1000"
"924","B",13.365018751433,1000,"B
n=1000"
"925","B",13.665159875746,1000,"B
n=1000"
"926","B",14.3178208837115,1000,"B
n=1000"
"927","B",12.904512409555,1000,"B
n=1000"
"928","B",13.1962780454725,1000,"B
n=1000"
"929","B",15.4879978772215,1000,"B
n=1000"
"930","B",13.431098928115,1000,"B
n=1000"
"931","B",13.1887531093298,1000,"B
n=1000"
"932","B",11.6577568747166,1000,"B
n=1000"
"933","B",13.0028560476222,1000,"B
n=1000"
"934","B",12.7786738468331,1000,"B
n=1000"
"935","B",12.9889541701906,1000,"B
n=1000"
"936","B",12.4245823587288,1000,"B
n=1000"
"937","B",12.3131843475573,1000,"B
n=1000"
"938","B",12.2792263681799,1000,"B
n=1000"
"939","B",12.7854954846002,1000,"B
n=1000"
"940","B",14.3681326480286,1000,"B
n=1000"
"941","B",14.0490866265593,1000,"B
n=1000"
"942","B",12.6400248820569,1000,"B
n=1000"
"943","B",11.3140835454613,1000,"B
n=1000"
"944","B",12.155416571464,1000,"B
n=1000"
"945","B",12.5422394667595,1000,"B
n=1000"
"946","B",13.1036380042283,1000,"B
n=1000"
"947","B",12.3373927242992,1000,"B
n=1000"
"948","B",15.0066806908319,1000,"B
n=1000"
"949","B",12.7277324655816,1000,"B
n=1000"
"950","B",11.7860555297605,1000,"B
n=1000"
"951","B",12.8587382427175,1000,"B
n=1000"
"952","B",11.9946224184066,1000,"B
n=1000"
"953","B",13.1561557072753,1000,"B
n=1000"
"954","B",13.2336336140899,1000,"B
n=1000"
"955","B",13.3555876116284,1000,"B
n=1000"
"956","B",11.3781417408758,1000,"B
n=1000"
"957","B",13.2207112909706,1000,"B
n=1000"
"958","B",13.3104500805416,1000,"B
n=1000"
"959","B",11.5788915524955,1000,"B
n=1000"
"960","B",13.9553656397304,1000,"B
n=1000"
"961","B",13.7841708790943,1000,"B
n=1000"
"962","B",15.2996193611544,1000,"B
n=1000"
"963","B",13.1567029873757,1000,"B
n=1000"
"964","B",13.046733527518,1000,"B
n=1000"
"965","B",13.0965858340824,1000,"B
n=1000"
"966","B",13.0697662309003,1000,"B
n=1000"
"967","B",11.1515272246623,1000,"B
n=1000"
"968","B",11.3288729413578,1000,"B
n=1000"
"969","B",12.9224610332088,1000,"B
n=1000"
"970","B",12.4189326194335,1000,"B
n=1000"
"971","B",13.0547365250574,1000,"B
n=1000"
"972","B",10.8887916267395,1000,"B
n=1000"
"973","B",11.5013017454732,1000,"B
n=1000"
"974","B",11.8985165610613,1000,"B
n=1000"
"975","B",13.9860582210602,1000,"B
n=1000"
"976","B",11.9015099929099,1000,"B
n=1000"
"977","B",12.2004860464235,1000,"B
n=1000"
"978","B",13.0798738186741,1000,"B
n=1000"
"979","B",12.6772536381749,1000,"B
n=1000"
"980","B",13.146417178668,1000,"B
n=1000"
"981","B",15.3050619820457,1000,"B
n=1000"
"982","B",11.8753963287418,1000,"B
n=1000"
"983","B",12.6945303600902,1000,"B
n=1000"
"984","B",12.4832405502563,1000,"B
n=1000"
"985","B",14.5123954268325,1000,"B
n=1000"
"986","B",12.2305150771097,1000,"B
n=1000"
"987","B",12.9179130962243,1000,"B
n=1000"
"988","B",13.7871336143227,1000,"B
n=1000"
"989","B",11.9414094640516,1000,"B
n=1000"
"990","B",14.655175815742,1000,"B
n=1000"
"991","B",13.6757624154742,1000,"B
n=1000"
"992","B",11.9257933904696,1000,"B
n=1000"
"993","B",13.4545778090577,1000,"B
n=1000"
"994","B",12.7866928567669,1000,"B
n=1000"
"995","B",13.3132287719943,1000,"B
n=1000"
"996","B",12.9100248029843,1000,"B
n=1000"
"997","B",14.0705160367783,1000,"B
n=1000"
"998","B",11.6488996142967,1000,"B
n=1000"
"999","B",12.4773833028041,1000,"B
n=1000"
"1000","B",12.7508093222446,1000,"B
n=1000"
"1001","B",17.0042012751487,1000,"B
n=1000"
"1002","B",16.9600449562338,1000,"B
n=1000"
"1003","B",17.9820197594233,1000,"B
n=1000"
"1004","B",17.8678248671433,1000,"B
n=1000"
"1005","B",15.4506572252496,1000,"B
n=1000"
"1006","B",19.0405734557194,1000,"B
n=1000"
"1007","B",18.2497257359852,1000,"B
n=1000"
"1008","B",20.4162073731483,1000,"B
n=1000"
"1009","B",18.6851982380511,1000,"B
n=1000"
"1010","B",17.553040691038,1000,"B
n=1000"
"1011","B",20.7973911469581,1000,"B
n=1000"
"1012","B",20.8322260239155,1000,"B
n=1000"
"1013","B",16.7812881837098,1000,"B
n=1000"
"1014","B",18.4690319559554,1000,"B
n=1000"
"1015","B",17.7887530813679,1000,"B
n=1000"
"1016","B",18.187051146554,1000,"B
n=1000"
"1017","B",18.2275427285688,1000,"B
n=1000"
"1018","B",16.7380995371309,1000,"B
n=1000"
"1019","B",18.2855895802426,1000,"B
n=1000"
"1020","B",19.7492473631418,1000,"B
n=1000"
"1021","B",17.8359099958652,1000,"B
n=1000"
"1022","B",17.8370732893015,1000,"B
n=1000"
"1023","B",19.3985720063375,1000,"B
n=1000"
"1024","B",18.8983962406829,1000,"B
n=1000"
"1025","B",16.3515051816187,1000,"B
n=1000"
"1026","B",18.2285569732622,1000,"B
n=1000"
"1027","B",19.6535472346777,1000,"B
n=1000"
"1028","B",19.4152763499191,1000,"B
n=1000"
"1029","B",18.4199516038142,1000,"B
n=1000"
"1030","B",18.7212208071129,1000,"B
n=1000"
"1031","B",16.8030647878113,1000,"B
n=1000"
"1032","B",18.3001315668814,1000,"B
n=1000"
"1033","B",17.0455510648122,1000,"B
n=1000"
"1034","B",17.5419819319031,1000,"B
n=1000"
"1035","B",18.9356036837796,1000,"B
n=1000"
"1036","B",16.8631068883089,1000,"B
n=1000"
"1037","B",18.2669182508731,1000,"B
n=1000"
"1038","B",18.4283320394715,1000,"B
n=1000"
"1039","B",18.0549119698396,1000,"B
n=1000"
"1040","B",19.8221888218354,1000,"B
n=1000"
"1041","B",16.9776526714247,1000,"B
n=1000"
"1042","B",18.6061302614356,1000,"B
n=1000"
"1043","B",17.9110694325493,1000,"B
n=1000"
"1044","B",17.7391677561661,1000,"B
n=1000"
"1045","B",18.4640912338524,1000,"B
n=1000"
"1046","B",16.9795994093161,1000,"B
n=1000"
"1047","B",16.6865490834816,1000,"B
n=1000"
"1048","B",17.5055191245166,1000,"B
n=1000"
"1049","B",19.7517571497554,1000,"B
n=1000"
"1050","B",18.0557647746125,1000,"B
n=1000"
"1051","B",18.3314343982279,1000,"B
n=1000"
"1052","B",17.8101533623225,1000,"B
n=1000"
"1053","B",18.4704927319538,1000,"B
n=1000"
"1054","B",17.0483204569829,1000,"B
n=1000"
"1055","B",19.1579104665686,1000,"B
n=1000"
"1056","B",18.5847052602413,1000,"B
n=1000"
"1057","B",17.1935471773083,1000,"B
n=1000"
"1058","B",18.054553245812,1000,"B
n=1000"
"1059","B",18.7163316194991,1000,"B
n=1000"
"1060","B",18.5577309820546,1000,"B
n=1000"
"1061","B",19.4819340158769,1000,"B
n=1000"
"1062","B",17.3870122451052,1000,"B
n=1000"
"1063","B",19.1161366154904,1000,"B
n=1000"
"1064","B",19.0365480099412,1000,"B
n=1000"
"1065","B",17.8375168680971,1000,"B
n=1000"
"1066","B",17.0240733071781,1000,"B
n=1000"
"1067","B",16.9108548091155,1000,"B
n=1000"
"1068","B",18.457786957945,1000,"B
n=1000"
"1069","B",17.9288732662791,1000,"B
n=1000"
"1070","B",19.7791026668515,1000,"B
n=1000"
"1071","B",18.5351379604962,1000,"B
n=1000"
"1072","B",17.6280551248365,1000,"B
n=1000"
"1073","B",16.9744577515029,1000,"B
n=1000"
"1074","B",17.4175983253947,1000,"B
n=1000"
"1075","B",18.3428883928973,1000,"B
n=1000"
"1076","B",17.5490653529433,1000,"B
n=1000"
"1077","B",18.5142301202307,1000,"B
n=1000"
"1078","B",17.6656619478302,1000,"B
n=1000"
"1079","B",17.8944400912055,1000,"B
n=1000"
"1080","B",17.2694903271922,1000,"B
n=1000"
"1081","B",19.9050435849087,1000,"B
n=1000"
"1082","B",18.3326217314704,1000,"B
n=1000"
"1083","B",18.2306336404995,1000,"B
n=1000"
"1084","B",16.3081375851159,1000,"B
n=1000"
"1085","B",18.6597918995493,1000,"B
n=1000"
"1086","B",16.9763764111203,1000,"B
n=1000"
"1087","B",17.1084784256457,1000,"B
n=1000"
"1088","B",18.9183411710216,1000,"B
n=1000"
"1089","B",17.5472993534918,1000,"B
n=1000"
"1090","B",16.2516277199968,1000,"B
n=1000"
"1091","B",19.7699041098894,1000,"B
n=1000"
"1092","B",15.6225930746075,1000,"B
n=1000"
"1093","B",18.5728115298596,1000,"B
n=1000"
"1094","B",19.0172492490846,1000,"B
n=1000"
"1095","B",17.3690321333395,1000,"B
n=1000"
"1096","B",18.4442870514116,1000,"B
n=1000"
"1097","B",18.4391303883886,1000,"B
n=1000"
"1098","B",19.0406231529145,1000,"B
n=1000"
"1099","B",18.4840993879525,1000,"B
n=1000"
"1100","B",17.7551162209075,1000,"B
n=1000"
"1101","B",18.9159920579402,1000,"B
n=1000"
"1102","B",18.8006223565098,1000,"B
n=1000"
"1103","B",17.0634309658642,1000,"B
n=1000"
"1104","B",16.5992125660043,1000,"B
n=1000"
"1105","B",18.1602775399932,1000,"B
n=1000"
"1106","B",17.7260376252248,1000,"B
n=1000"
"1107","B",17.0144608874377,1000,"B
n=1000"
"1108","B",18.083930679515,1000,"B
n=1000"
"1109","B",16.6800034735131,1000,"B
n=1000"
"1110","B",18.1612263513262,1000,"B
n=1000"
"1111","B",17.3750716124581,1000,"B
n=1000"
"1112","B",18.9571642741925,1000,"B
n=1000"
"1113","B",20.4244891411615,1000,"B
n=1000"
"1114","B",17.0840207563132,1000,"B
n=1000"
"1115","B",19.057664170943,1000,"B
n=1000"
"1116","B",18.8251497277683,1000,"B
n=1000"
"1117","B",17.9298057756946,1000,"B
n=1000"
"1118","B",17.546353625943,1000,"B
n=1000"
"1119","B",19.5753077068375,1000,"B
n=1000"
"1120","B",15.9945421817638,1000,"B
n=1000"
"1121","B",17.3568052084063,1000,"B
n=1000"
"1122","B",16.5631565563422,1000,"B
n=1000"
"1123","B",19.3953134389461,1000,"B
n=1000"
"1124","B",17.8092965673551,1000,"B
n=1000"
"1125","B",17.4753288005303,1000,"B
n=1000"
"1126","B",21.1840444740663,1000,"B
n=1000"
"1127","B",17.9499627321124,1000,"B
n=1000"
"1128","B",17.5562506881335,1000,"B
n=1000"
"1129","B",18.2998652501361,1000,"B
n=1000"
"1130","B",16.431575379245,1000,"B
n=1000"
"1131","B",18.4903026426721,1000,"B
n=1000"
"1132","B",17.90383679892,1000,"B
n=1000"
"1133","B",18.4685251225301,1000,"B
n=1000"
"1134","B",17.0176293640621,1000,"B
n=1000"
"1135","B",16.9770161578521,1000,"B
n=1000"
"1136","B",17.3065853367238,1000,"B
n=1000"
"1137","B",17.2320104269072,1000,"B
n=1000"
"1138","B",19.2990499666836,1000,"B
n=1000"
"1139","B",19.5791455618081,1000,"B
n=1000"
"1140","B",17.8431080469609,1000,"B
n=1000"
"1141","B",17.6410634394153,1000,"B
n=1000"
"1142","B",17.6709611695783,1000,"B
n=1000"
"1143","B",18.069236477853,1000,"B
n=1000"
"1144","B",18.0969042337011,1000,"B
n=1000"
"1145","B",18.2900343877656,1000,"B
n=1000"
"1146","B",17.2533210589537,1000,"B
n=1000"
"1147","B",17.1531036111797,1000,"B
n=1000"
"1148","B",19.1970776637461,1000,"B
n=1000"
"1149","B",17.4513726388967,1000,"B
n=1000"
"1150","B",18.3030456952254,1000,"B
n=1000"
"1151","B",17.9430294661967,1000,"B
n=1000"
"1152","B",17.0421506078493,1000,"B
n=1000"
"1153","B",18.5910619094115,1000,"B
n=1000"
"1154","B",18.173104873493,1000,"B
n=1000"
"1155","B",19.3997833562125,1000,"B
n=1000"
"1156","B",18.117459584627,1000,"B
n=1000"
"1157","B",17.6684542417991,1000,"B
n=1000"
"1158","B",18.2782949133054,1000,"B
n=1000"
"1159","B",16.8144083509647,1000,"B
n=1000"
"1160","B",17.1641059466064,1000,"B
n=1000"
"1161","B",18.5102732511394,1000,"B
n=1000"
"1162","B",17.6668790987761,1000,"B
n=1000"
"1163","B",17.9340390536475,1000,"B
n=1000"
"1164","B",17.8847782905781,1000,"B
n=1000"
"1165","B",17.3494873812255,1000,"B
n=1000"
"1166","B",15.9813113409176,1000,"B
n=1000"
"1167","B",18.3488349701766,1000,"B
n=1000"
"1168","B",18.7616395076469,1000,"B
n=1000"
"1169","B",16.7112837646499,1000,"B
n=1000"
"1170","B",19.4824027184586,1000,"B
n=1000"
"1171","B",18.3851548236872,1000,"B
n=1000"
"1172","B",19.3416402949939,1000,"B
n=1000"
"1173","B",17.0428295287577,1000,"B
n=1000"
"1174","B",18.1667812883543,1000,"B
n=1000"
"1175","B",17.8999860410612,1000,"B
n=1000"
"1176","B",18.7685074318818,1000,"B
n=1000"
"1177","B",17.4241404320873,1000,"B
n=1000"
"1178","B",17.9899023280475,1000,"B
n=1000"
"1179","B",16.2213408512561,1000,"B
n=1000"
"1180","B",17.2223785571295,1000,"B
n=1000"
"1181","B",18.1250338836651,1000,"B
n=1000"
"1182","B",17.2936785076118,1000,"B
n=1000"
"1183","B",17.9564305141885,1000,"B
n=1000"
"1184","B",17.5320740260748,1000,"B
n=1000"
"1185","B",18.6069301361615,1000,"B
n=1000"
"1186","B",19.1684883087496,1000,"B
n=1000"
"1187","B",17.1774985871925,1000,"B
n=1000"
"1188","B",17.6929634414053,1000,"B
n=1000"
"1189","B",19.4397612583697,1000,"B
n=1000"
"1190","B",15.8010767458163,1000,"B
n=1000"
"1191","B",17.6801622082593,1000,"B
n=1000"
"1192","B",20.0647042841433,1000,"B
n=1000"
"1193","B",20.1935900690643,1000,"B
n=1000"
"1194","B",18.1565953233501,1000,"B
n=1000"
"1195","B",17.1363910493864,1000,"B
n=1000"
"1196","B",18.1654574194904,1000,"B
n=1000"
"1197","B",17.347225604053,1000,"B
n=1000"
"1198","B",19.4528172822915,1000,"B
n=1000"
"1199","B",17.193517344297,1000,"B
n=1000"
"1200","B",18.3729115952087,1000,"B
n=1000"
"1201","B",18.6198500745687,1000,"B
n=1000"
"1202","B",17.2424898393042,1000,"B
n=1000"
"1203","B",18.8515246815062,1000,"B
n=1000"
"1204","B",17.2520700290837,1000,"B
n=1000"
"1205","B",18.630239829654,1000,"B
n=1000"
"1206","B",19.0966616331036,1000,"B
n=1000"
"1207","B",17.0115570776168,1000,"B
n=1000"
"1208","B",19.1079950409796,1000,"B
n=1000"
"1209","B",17.5104671287876,1000,"B
n=1000"
"1210","B",18.294353388437,1000,"B
n=1000"
"1211","B",18.2018374722888,1000,"B
n=1000"
"1212","B",17.5728036136618,1000,"B
n=1000"
"1213","B",18.2681028699978,1000,"B
n=1000"
"1214","B",16.7695690745762,1000,"B
n=1000"
"1215","B",17.863863127815,1000,"B
n=1000"
"1216","B",18.8257908316652,1000,"B
n=1000"
"1217","B",15.8258753507707,1000,"B
n=1000"
"1218","B",16.5120738126417,1000,"B
n=1000"
"1219","B",16.838062442403,1000,"B
n=1000"
"1220","B",16.4109103058546,1000,"B
n=1000"
"1221","B",18.4195830392964,1000,"B
n=1000"
"1222","B",17.007071650244,1000,"B
n=1000"
"1223","B",15.835452914671,1000,"B
n=1000"
"1224","B",17.3624312349196,1000,"B
n=1000"
"1225","B",17.6093647485252,1000,"B
n=1000"
"1226","B",18.8567854737781,1000,"B
n=1000"
"1227","B",16.8962478640012,1000,"B
n=1000"
"1228","B",19.1612892557387,1000,"B
n=1000"
"1229","B",18.3983627156286,1000,"B
n=1000"
"1230","B",18.3623521576355,1000,"B
n=1000"
"1231","B",17.1474743296855,1000,"B
n=1000"
"1232","B",19.953667879898,1000,"B
n=1000"
"1233","B",17.8357291679028,1000,"B
n=1000"
"1234","B",16.1751024158217,1000,"B
n=1000"
"1235","B",17.7961435286075,1000,"B
n=1000"
"1236","B",16.0655559292679,1000,"B
n=1000"
"1237","B",17.6894898842133,1000,"B
n=1000"
"1238","B",17.5777729968104,1000,"B
n=1000"
"1239","B",18.6818296904034,1000,"B
n=1000"
"1240","B",19.0094961857375,1000,"B
n=1000"
"1241","B",17.2738950350988,1000,"B
n=1000"
"1242","B",18.806108868375,1000,"B
n=1000"
"1243","B",19.4243231096688,1000,"B
n=1000"
"1244","B",17.2158559951574,1000,"B
n=1000"
"1245","B",17.3475956335007,1000,"B
n=1000"
"1246","B",18.6507783631537,1000,"B
n=1000"
"1247","B",18.1830479699439,1000,"B
n=1000"
"1248","B",18.5487749604443,1000,"B
n=1000"
"1249","B",19.4046842945476,1000,"B
n=1000"
"1250","B",18.3870831195764,1000,"B
n=1000"
"1251","B",19.0517012701754,1000,"B
n=1000"
"1252","B",18.6229054623372,1000,"B
n=1000"
"1253","B",18.4336203898089,1000,"B
n=1000"
"1254","B",18.3860844381844,1000,"B
n=1000"
"1255","B",19.2913233044581,1000,"B
n=1000"
"1256","B",16.9977401262893,1000,"B
n=1000"
"1257","B",16.8948172708425,1000,"B
n=1000"
"1258","B",18.5919460033972,1000,"B
n=1000"
"1259","B",17.8803103358669,1000,"B
n=1000"
"1260","B",18.074005211685,1000,"B
n=1000"
"1261","B",18.7412773771714,1000,"B
n=1000"
"1262","B",18.7532950478491,1000,"B
n=1000"
"1263","B",17.7373294966382,1000,"B
n=1000"
"1264","B",17.6874561310029,1000,"B
n=1000"
"1265","B",18.0735986090079,1000,"B
n=1000"
"1266","B",19.0630177892947,1000,"B
n=1000"
"1267","B",18.426020486679,1000,"B
n=1000"
"1268","B",19.4330075108232,1000,"B
n=1000"
"1269","B",17.99236312958,1000,"B
n=1000"
"1270","B",19.1256676052208,1000,"B
n=1000"
"1271","B",18.8830023110172,1000,"B
n=1000"
"1272","B",18.6120834609001,1000,"B
n=1000"
"1273","B",18.4147007067785,1000,"B
n=1000"
"1274","B",17.7201176028575,1000,"B
n=1000"
"1275","B",17.8909624908308,1000,"B
n=1000"
"1276","B",18.2293954957085,1000,"B
n=1000"
"1277","B",18.0488888906793,1000,"B
n=1000"
"1278","B",18.9432244683862,1000,"B
n=1000"
"1279","B",17.8906828768136,1000,"B
n=1000"
"1280","B",17.9296230784122,1000,"B
n=1000"
"1281","B",17.5156809124343,1000,"B
n=1000"
"1282","B",17.8616636714567,1000,"B
n=1000"
"1283","B",17.9312343576962,1000,"B
n=1000"
"1284","B",15.6862642261006,1000,"B
n=1000"
"1285","B",16.6351683027857,1000,"B
n=1000"
"1286","B",17.927513090048,1000,"B
n=1000"
"1287","B",17.7347162251355,1000,"B
n=1000"
"1288","B",16.7991306717926,1000,"B
n=1000"
"1289","B",16.008461823957,1000,"B
n=1000"
"1290","B",17.6456307800866,1000,"B
n=1000"
"1291","B",18.6534957656943,1000,"B
n=1000"
"1292","B",19.7732386319276,1000,"B
n=1000"
"1293","B",17.9615432062907,1000,"B
n=1000"
"1294","B",19.4931848406277,1000,"B
n=1000"
"1295","B",18.083022157636,1000,"B
n=1000"
"1296","B",18.1155321042596,1000,"B
n=1000"
"1297","B",18.3248253133487,1000,"B
n=1000"
"1298","B",17.1294227547391,1000,"B
n=1000"
"1299","B",17.9482817871051,1000,"B
n=1000"
"1300","B",18.9084476987923,1000,"B
n=1000"
"1301","B",17.2502742131478,1000,"B
n=1000"
"1302","B",17.678393930112,1000,"B
n=1000"
"1303","B",16.8522292495407,1000,"B
n=1000"
"1304","B",18.3543521964494,1000,"B
n=1000"
"1305","B",18.424799782389,1000,"B
n=1000"
"1306","B",18.6483473512241,1000,"B
n=1000"
"1307","B",16.7801899684831,1000,"B
n=1000"
"1308","B",18.1072350347548,1000,"B
n=1000"
"1309","B",17.0559423083502,1000,"B
n=1000"
"1310","B",17.999615351284,1000,"B
n=1000"
"1311","B",19.3426239200061,1000,"B
n=1000"
"1312","B",17.4964747130657,1000,"B
n=1000"
"1313","B",18.7166833209388,1000,"B
n=1000"
"1314","B",17.2503314159163,1000,"B
n=1000"
"1315","B",17.5214717895497,1000,"B
n=1000"
"1316","B",18.4387217505866,1000,"B
n=1000"
"1317","B",17.3208877295421,1000,"B
n=1000"
"1318","B",16.2970351648546,1000,"B
n=1000"
"1319","B",19.2651684352133,1000,"B
n=1000"
"1320","B",18.3603572378798,1000,"B
n=1000"
"1321","B",17.4163605594399,1000,"B
n=1000"
"1322","B",16.0059212126694,1000,"B
n=1000"
"1323","B",19.9022097713993,1000,"B
n=1000"
"1324","B",21.3903708212715,1000,"B
n=1000"
"1325","B",18.2074804073555,1000,"B
n=1000"
"1326","B",18.8498066475112,1000,"B
n=1000"
"1327","B",19.2245603120742,1000,"B
n=1000"
"1328","B",17.2981955664614,1000,"B
n=1000"
"1329","B",17.6488037704435,1000,"B
n=1000"
"1330","B",16.2728789633548,1000,"B
n=1000"
"1331","B",17.2634217677281,1000,"B
n=1000"
"1332","B",18.6224097828861,1000,"B
n=1000"
"1333","B",17.7092840107591,1000,"B
n=1000"
"1334","B",17.7857884658169,1000,"B
n=1000"
"1335","B",17.8874404484975,1000,"B
n=1000"
"1336","B",16.1363330175044,1000,"B
n=1000"
"1337","B",18.8376299342317,1000,"B
n=1000"
"1338","B",16.5565071110646,1000,"B
n=1000"
"1339","B",17.7914298375844,1000,"B
n=1000"
"1340","B",17.5614365379412,1000,"B
n=1000"
"1341","B",17.7814061831438,1000,"B
n=1000"
"1342","B",19.4599659447358,1000,"B
n=1000"
"1343","B",17.4179400820846,1000,"B
n=1000"
"1344","B",17.2169024042881,1000,"B
n=1000"
"1345","B",16.4803460050562,1000,"B
n=1000"
"1346","B",17.1943019183887,1000,"B
n=1000"
"1347","B",16.8338152926323,1000,"B
n=1000"
"1348","B",18.4079461962483,1000,"B
n=1000"
"1349","B",17.1369957539921,1000,"B
n=1000"
"1350","B",18.3040420350281,1000,"B
n=1000"
"1351","B",17.8535725121521,1000,"B
n=1000"
"1352","B",16.5664378200892,1000,"B
n=1000"
"1353","B",17.2093922142773,1000,"B
n=1000"
"1354","B",18.8851124550577,1000,"B
n=1000"
"1355","B",18.9030760859546,1000,"B
n=1000"
"1356","B",20.0055732743006,1000,"B
n=1000"
"1357","B",17.9964196916002,1000,"B
n=1000"
"1358","B",16.5041731860179,1000,"B
n=1000"
"1359","B",17.2315829729848,1000,"B
n=1000"
"1360","B",18.4084885048401,1000,"B
n=1000"
"1361","B",19.9001363348947,1000,"B
n=1000"
"1362","B",18.1100091234397,1000,"B
n=1000"
"1363","B",19.1403868251285,1000,"B
n=1000"
"1364","B",18.7680813046923,1000,"B
n=1000"
"1365","B",16.8319083778827,1000,"B
n=1000"
"1366","B",17.8288873477351,1000,"B
n=1000"
"1367","B",19.3052615363477,1000,"B
n=1000"
"1368","B",18.8760961095959,1000,"B
n=1000"
"1369","B",18.4637961415678,1000,"B
n=1000"
"1370","B",18.4771142453769,1000,"B
n=1000"
"1371","B",17.5085946997906,1000,"B
n=1000"
"1372","B",16.6806146866558,1000,"B
n=1000"
"1373","B",19.2954257908313,1000,"B
n=1000"
"1374","B",16.5797805083331,1000,"B
n=1000"
"1375","B",17.0611040802942,1000,"B
n=1000"
"1376","B",18.6289649925198,1000,"B
n=1000"
"1377","B",16.7378054506104,1000,"B
n=1000"
"1378","B",17.4481295867272,1000,"B
n=1000"
"1379","B",16.8172004932175,1000,"B
n=1000"
"1380","B",18.6206635577289,1000,"B
n=1000"
"1381","B",18.4463130166381,1000,"B
n=1000"
"1382","B",18.4218846932737,1000,"B
n=1000"
"1383","B",18.4424647721456,1000,"B
n=1000"
"1384","B",18.5572457463789,1000,"B
n=1000"
"1385","B",18.6393564919705,1000,"B
n=1000"
"1386","B",16.0313384433258,1000,"B
n=1000"
"1387","B",17.8511836386401,1000,"B
n=1000"
"1388","B",18.1124638125519,1000,"B
n=1000"
"1389","B",18.7246762026478,1000,"B
n=1000"
"1390","B",16.8125139239947,1000,"B
n=1000"
"1391","B",17.5003998101841,1000,"B
n=1000"
"1392","B",16.9263570092488,1000,"B
n=1000"
"1393","B",19.0572402127097,1000,"B
n=1000"
"1394","B",19.2790725832093,1000,"B
n=1000"
"1395","B",18.7876767253592,1000,"B
n=1000"
"1396","B",16.777596617423,1000,"B
n=1000"
"1397","B",18.4519521167367,1000,"B
n=1000"
"1398","B",19.1504491863809,1000,"B
n=1000"
"1399","B",18.1679409807365,1000,"B
n=1000"
"1400","B",17.433890667104,1000,"B
n=1000"
"1401","B",16.9138817593887,1000,"B
n=1000"
"1402","B",17.3346972044398,1000,"B
n=1000"
"1403","B",18.7148483559493,1000,"B
n=1000"
"1404","B",17.5683388996181,1000,"B
n=1000"
"1405","B",18.2276149399401,1000,"B
n=1000"
"1406","B",19.2949457956703,1000,"B
n=1000"
"1407","B",18.5783349404695,1000,"B
n=1000"
"1408","B",19.3646727814735,1000,"B
n=1000"
"1409","B",16.2984201973396,1000,"B
n=1000"
"1410","B",17.7193237202862,1000,"B
n=1000"
"1411","B",18.0650680194922,1000,"B
n=1000"
"1412","B",18.5785892916085,1000,"B
n=1000"
"1413","B",16.830793378471,1000,"B
n=1000"
"1414","B",18.8061848554473,1000,"B
n=1000"
"1415","B",18.3073900761623,1000,"B
n=1000"
"1416","B",18.2638060136047,1000,"B
n=1000"
"1417","B",18.508484791605,1000,"B
n=1000"
"1418","B",17.883641560123,1000,"B
n=1000"
"1419","B",18.9255460984991,1000,"B
n=1000"
"1420","B",18.6482297737315,1000,"B
n=1000"
"1421","B",17.8497906258323,1000,"B
n=1000"
"1422","B",19.0403770193407,1000,"B
n=1000"
"1423","B",18.2925586849462,1000,"B
n=1000"
"1424","B",18.6687513994395,1000,"B
n=1000"
"1425","B",17.4058223583758,1000,"B
n=1000"
"1426","B",19.5804318369859,1000,"B
n=1000"
"1427","B",17.99601105565,1000,"B
n=1000"
"1428","B",18.8478427688935,1000,"B
n=1000"
"1429","B",17.8998834741073,1000,"B
n=1000"
"1430","B",17.7203700930194,1000,"B
n=1000"
"1431","B",18.78443824528,1000,"B
n=1000"
"1432","B",16.4153833554088,1000,"B
n=1000"
"1433","B",18.478366147794,1000,"B
n=1000"
"1434","B",18.3935663729948,1000,"B
n=1000"
"1435","B",15.3046706308755,1000,"B
n=1000"
"1436","B",18.3683773285333,1000,"B
n=1000"
"1437","B",15.831582252653,1000,"B
n=1000"
"1438","B",18.6598043768927,1000,"B
n=1000"
"1439","B",17.5460862666188,1000,"B
n=1000"
"1440","B",17.3050631747651,1000,"B
n=1000"
"1441","B",17.9931536968273,1000,"B
n=1000"
"1442","B",19.373052044984,1000,"B
n=1000"
"1443","B",17.3646769227821,1000,"B
n=1000"
"1444","B",18.5581032939488,1000,"B
n=1000"
"1445","B",18.3411578684219,1000,"B
n=1000"
"1446","B",16.8204813708584,1000,"B
n=1000"
"1447","B",16.258977982666,1000,"B
n=1000"
"1448","B",16.0074142287609,1000,"B
n=1000"
"1449","B",18.5512742114679,1000,"B
n=1000"
"1450","B",17.9652579384687,1000,"B
n=1000"
"1451","B",19.8505717036106,1000,"B
n=1000"
"1452","B",18.573675108263,1000,"B
n=1000"
"1453","B",18.8496958910826,1000,"B
n=1000"
"1454","B",19.334383585335,1000,"B
n=1000"
"1455","B",17.499280902035,1000,"B
n=1000"
"1456","B",18.5100979282285,1000,"B
n=1000"
"1457","B",18.8687932702442,1000,"B
n=1000"
"1458","B",19.369351688003,1000,"B
n=1000"
"1459","B",18.7626511463264,1000,"B
n=1000"
"1460","B",18.4211471730373,1000,"B
n=1000"
"1461","B",17.1317759527288,1000,"B
n=1000"
"1462","B",18.7295603609577,1000,"B
n=1000"
"1463","B",18.5002658724183,1000,"B
n=1000"
"1464","B",18.6342502537069,1000,"B
n=1000"
"1465","B",18.4236450455723,1000,"B
n=1000"
"1466","B",17.79816195529,1000,"B
n=1000"
"1467","B",17.923134101566,1000,"B
n=1000"
"1468","B",18.6873641132815,1000,"B
n=1000"
"1469","B",18.1716315069245,1000,"B
n=1000"
"1470","B",17.169891425673,1000,"B
n=1000"
"1471","B",17.7098408801943,1000,"B
n=1000"
"1472","B",16.6808742758235,1000,"B
n=1000"
"1473","B",17.0329680973311,1000,"B
n=1000"
"1474","B",17.8553889298645,1000,"B
n=1000"
"1475","B",16.2018674436251,1000,"B
n=1000"
"1476","B",16.3114575254084,1000,"B
n=1000"
"1477","B",19.1025651994361,1000,"B
n=1000"
"1478","B",17.4233810757886,1000,"B
n=1000"
"1479","B",16.1483082704485,1000,"B
n=1000"
"1480","B",17.887136760571,1000,"B
n=1000"
"1481","B",19.3210692672215,1000,"B
n=1000"
"1482","B",18.6622542969346,1000,"B
n=1000"
"1483","B",18.4413831983536,1000,"B
n=1000"
"1484","B",19.1837459122798,1000,"B
n=1000"
"1485","B",17.2284985588991,1000,"B
n=1000"
"1486","B",18.729689191352,1000,"B
n=1000"
"1487","B",17.4129143842211,1000,"B
n=1000"
"1488","B",18.0007641863625,1000,"B
n=1000"
"1489","B",20.2144653193401,1000,"B
n=1000"
"1490","B",18.9694343957093,1000,"B
n=1000"
"1491","B",18.7680077137172,1000,"B
n=1000"
"1492","B",16.8916720881818,1000,"B
n=1000"
"1493","B",17.2137640800053,1000,"B
n=1000"
"1494","B",20.2841164802616,1000,"B
n=1000"
"1495","B",16.9066992360267,1000,"B
n=1000"
"1496","B",18.2144793752851,1000,"B
n=1000"
"1497","B",18.8925710596371,1000,"B
n=1000"
"1498","B",19.0187579723423,1000,"B
n=1000"
"1499","B",19.0891120109192,1000,"B
n=1000"
"1500","B",17.8368710101148,1000,"B
n=1000"
"1501","C",21.71605321152,20,"C
n=20"
"1502","C",23.7709710680454,20,"C
n=20"
"1503","C",21.3916079658421,20,"C
n=20"
"1504","C",27.5082749724599,20,"C
n=20"
"1505","C",29.4814201137044,20,"C
n=20"
"1506","C",33.5088542099741,20,"C
n=20"
"1507","C",26.4644575317269,20,"C
n=20"
"1508","C",21.5008744912253,20,"C
n=20"
"1509","C",29.0978994519729,20,"C
n=20"
"1510","C",28.6190355747812,20,"C
n=20"
"1511","C",24.0470052163887,20,"C
n=20"
"1512","C",18.7685803845107,20,"C
n=20"
"1513","C",28.0452395815757,20,"C
n=20"
"1514","C",29.5165775825665,20,"C
n=20"
"1515","C",23.8195686771763,20,"C
n=20"
"1516","C",27.1449712734321,20,"C
n=20"
"1517","C",23.896438100998,20,"C
n=20"
"1518","C",27.7292609805501,20,"C
n=20"
"1519","C",24.5308371411406,20,"C
n=20"
"1520","C",23.6212965443198,20,"C
n=20"
"1521","D",12.1116204981972,100,"D
n=100"
"1522","D",11.7165946850177,100,"D
n=100"
"1523","D",11.4089828355457,100,"D
n=100"
"1524","D",11.6840630687576,100,"D
n=100"
"1525","D",11.9918478476745,100,"D
n=100"
"1526","D",12.2074951407185,100,"D
n=100"
"1527","D",13.5324236216258,100,"D
n=100"
"1528","D",10.6420021690465,100,"D
n=100"
"1529","D",11.8003809494471,100,"D
n=100"
"1530","D",12.6315231277808,100,"D
n=100"
"1531","D",13.7620209034429,100,"D
n=100"
"1532","D",12.4260143626155,100,"D
n=100"
"1533","D",11.9862465835246,100,"D
n=100"
"1534","D",11.6924430904036,100,"D
n=100"
"1535","D",12.4143081641083,100,"D
n=100"
"1536","D",12.9890579201964,100,"D
n=100"
"1537","D",11.8161416894539,100,"D
n=100"
"1538","D",12.1637614068466,100,"D
n=100"
"1539","D",12.2169363441444,100,"D
n=100"
"1540","D",12.7292776342097,100,"D
n=100"
"1541","D",13.1113804070247,100,"D
n=100"
"1542","D",12.2791608169396,100,"D
n=100"
"1543","D",11.9238293284528,100,"D
n=100"
"1544","D",13.3946631322086,100,"D
n=100"
"1545","D",12.1645341176056,100,"D
n=100"
"1546","D",13.5778519787935,100,"D
n=100"
"1547","D",11.9380773423805,100,"D
n=100"
"1548","D",12.6139229641937,100,"D
n=100"
"1549","D",10.4539114057548,100,"D
n=100"
"1550","D",11.8876080386626,100,"D
n=100"
"1551","D",11.9782054600391,100,"D
n=100"
"1552","D",11.2416545825835,100,"D
n=100"
"1553","D",10.9641071155777,100,"D
n=100"
"1554","D",12.9481593025518,100,"D
n=100"
"1555","D",12.9141587339277,100,"D
n=100"
"1556","D",10.7012680051535,100,"D
n=100"
"1557","D",12.4243787949343,100,"D
n=100"
"1558","D",10.8874546800449,100,"D
n=100"
"1559","D",10.9489267738184,100,"D
n=100"
"1560","D",12.5254124482664,100,"D
n=100"
"1561","D",11.3139759999069,100,"D
n=100"
"1562","D",12.9934799821222,100,"D
n=100"
"1563","D",12.0385235990753,100,"D
n=100"
"1564","D",12.5361489757857,100,"D
n=100"
"1565","D",11.4763733021138,100,"D
n=100"
"1566","D",10.8487786650564,100,"D
n=100"
"1567","D",12.9147522410028,100,"D
n=100"
"1568","D",12.2380714915627,100,"D
n=100"
"1569","D",11.7609322405453,100,"D
n=100"
"1570","D",12.0692353265457,100,"D
n=100"
"1571","D",13.3259083425992,100,"D
n=100"
"1572","D",11.3018333653799,100,"D
n=100"
"1573","D",11.2505915555368,100,"D
n=100"
"1574","D",11.3803849472926,100,"D
n=100"
"1575","D",10.4150087317901,100,"D
n=100"
"1576","D",12.8196281375037,100,"D
n=100"
"1577","D",12.1923696467442,100,"D
n=100"
"1578","D",12.2071719742179,100,"D
n=100"
"1579","D",11.9566526456523,100,"D
n=100"
"1580","D",11.4898395585759,100,"D
n=100"
"1581","D",11.1765813862238,100,"D
n=100"
"1582","D",12.8518564032927,100,"D
n=100"
"1583","D",10.5738153270798,100,"D
n=100"
"1584","D",12.4402989419654,100,"D
n=100"
"1585","D",11.2073883492423,100,"D
n=100"
"1586","D",12.2823102145455,100,"D
n=100"
"1587","D",11.2593094778098,100,"D
n=100"
"1588","D",11.476658317316,100,"D
n=100"
"1589","D",13.769365917027,100,"D
n=100"
"1590","D",12.6682826189335,100,"D
n=100"
"1591","D",9.85510297572434,100,"D
n=100"
"1592","D",12.1264124161003,100,"D
n=100"
"1593","D",11.5481870637428,100,"D
n=100"
"1594","D",10.8633738122223,100,"D
n=100"
"1595","D",12.2097858904312,100,"D
n=100"
"1596","D",12.1299655160194,100,"D
n=100"
"1597","D",11.6714934274319,100,"D
n=100"
"1598","D",13.9727035673375,100,"D
n=100"
"1599","D",9.75130993318344,100,"D
n=100"
"1600","D",12.8382193872785,100,"D
n=100"
"1601","D",11.7109767295374,100,"D
n=100"
"1602","D",12.6565134105794,100,"D
n=100"
"1603","D",11.5460022993613,100,"D
n=100"
"1604","D",11.4061354375549,100,"D
n=100"
"1605","D",10.2896203336054,100,"D
n=100"
"1606","D",11.7905515717273,100,"D
n=100"
"1607","D",14.4787458013571,100,"D
n=100"
"1608","D",12.9897022081294,100,"D
n=100"
"1609","D",13.6755721558268,100,"D
n=100"
"1610","D",12.914965318314,100,"D
n=100"
"1611","D",13.1442627079619,100,"D
n=100"
"1612","D",12.9028764144991,100,"D
n=100"
"1613","D",12.4753924317651,100,"D
n=100"
"1614","D",11.417471226003,100,"D
n=100"
"1615","D",11.4670652626765,100,"D
n=100"
"1616","D",10.3991600036247,100,"D
n=100"
"1617","D",11.99418228612,100,"D
n=100"
"1618","D",12.8993556758567,100,"D
n=100"
"1619","D",13.0319225565261,100,"D
n=100"
"1620","D",12.0951327044554,100,"D
n=100"
